{
    "wings_opening": {
        "sounds": [
            "suit/wings_opening"
        ],
        "category": "player"
    },
    "wings_closing": {
        "sounds": [
            "suit/wings_closing"
        ],
        "category": "player"
    },
    "intense_sound": {
        "sounds": [
            "suit/intense_sound"
        ],
        "category": "player"
    },
    "super_charge": {
        "sounds": [
            "suit/super_charge"
        ],
        "category": "player"
    },
    "super_shoot": {
        "sounds": [
            "suit/super_shoot"
        ],
        "category": "player"
    }
}